{"licenses": [{"name": "", "id": 0, "url": ""}], "info": {"contributor": "", "date_created": "", "description": "", "url": "", "version": "", "year": ""}, "categories": [{"id": 1, "name": "person", "supercategory": ""}, {"id": 2, "name": "animal", "supercategory": ""}], "images": [{"id": 1, "width": 425, "height": 640, "file_name": "COCO_test2014_000000000202.jpg", "license": 0, "flickr_url": "", "coco_url": "", "date_captured": 0}, {"id": 2, "width": 640, "height": 427, "file_name": "COCO_test2014_000000000448.jpg", "license": 0, "flickr_url": "", "coco_url": "", "date_captured": 0}, {"id": 3, "width": 640, "height": 425, "file_name": "COCO_test2014_000000000568.jpg", "license": 0, "flickr_url": "", "coco_url": "", "date_captured": 0}, {"id": 4, "width": 640, "height": 424, "file_name": "COCO_test2014_000000000840.jpg", "license": 0, "flickr_url": "", "coco_url": "", "date_captured": 0}, {"id": 5, "width": 640, "height": 427, "file_name": "COCO_test2014_000000000970.jpg", "license": 0, "flickr_url": "", "coco_url": "", "date_captured": 0}, {"id": 6, "width": 307, "height": 230, "file_name": "COCO_test2014_000000001024.jpg", "license": 0, "flickr_url": "", "coco_url": "", "date_captured": 0}, {"id": 7, "width": 640, "height": 429, "file_name": "COCO_test2014_000000001380.jpg", "license": 0, "flickr_url": "", "coco_url": "", "date_captured": 0}, {"id": 8, "width": 640, "height": 427, "file_name": "COCO_test2014_000000001551.jpg", "license": 0, "flickr_url": "", "coco_url": "", "date_captured": 0}, {"id": 9, "width": 500, "height": 401, "file_name": "COCO_test2014_000000001793.jpg", "license": 0, "flickr_url": "", "coco_url": "", "date_captured": 0}, {"id": 10, "width": 640, "height": 427, "file_name": "COCO_test2014_000000002945.jpg", "license": 0, "flickr_url": "", "coco_url": "", "date_captured": 0}], "annotations": [{"id": 1, "image_id": 1, "category_id": 1, "segmentation": [], "area": 65726.3808, "bbox": [35.3, 89.0, 133.46, 492.48], "iscrowd": 0, "attributes": {"occluded": false, "rotation": 0.0}}, {"id": 2, "image_id": 1, "category_id": 1, "segmentation": [], "area": 83670.75449999998, "bbox": [209.35, 60.1, 169.35, 494.07], "iscrowd": 0, "attributes": {"occluded": false, "rotation": 0.0}}, {"id": 3, "image_id": 2, "category_id": 1, "segmentation": [], "area": 42286.101, "bbox": [8.6, 114.05, 187.98, 224.95], "iscrowd": 0, "attributes": {"occluded": false, "rotation": 0.0}}, {"id": 4, "image_id": 2, "category_id": 1, "segmentation": [], "area": 38586.693900000006, "bbox": [203.35, 88.53, 189.03, 204.13], "iscrowd": 0, "attributes": {"occluded": false, "rotation": 0.0}}, {"id": 5, "image_id": 2, "category_id": 1, "segmentation": [], "area": 46366.86150000001, "bbox": [434.56, 101.03, 195.27, 237.45], "iscrowd": 0, "attributes": {"occluded": false, "rotation": 0.0}}, {"id": 6, "image_id": 2, "category_id": 2, "segmentation": [], "area": 4840.766799999998, "bbox": [384.05, 6.78, 58.84, 82.27], "iscrowd": 0, "attributes": {"occluded": false, "rotation": 0.0}}, {"id": 7, "image_id": 2, "category_id": 2, "segmentation": [], "area": 7649.693799999998, "bbox": [443.41, 0.0, 80.71, 94.78], "iscrowd": 0, "attributes": {"occluded": false, "rotation": 0.0}}, {"id": 8, "image_id": 3, "category_id": 2, "segmentation": [], "area": 237133.19239999994, "bbox": [38.59, 30.04, 601.22, 394.42], "iscrowd": 0, "attributes": {"occluded": false, "rotation": 0.0}}, {"id": 9, "image_id": 3, "category_id": 2, "segmentation": [], "area": 17073.368000000002, "bbox": [184.23, 89.13, 117.65, 145.12], "iscrowd": 0, "attributes": {"occluded": false, "rotation": 0.0}}, {"id": 10, "image_id": 4, "category_id": 2, "segmentation": [], "area": 170688.6945, "bbox": [72.82, 49.13, 456.57, 373.85], "iscrowd": 0, "attributes": {"occluded": false, "rotation": 0.0}}, {"id": 11, "image_id": 4, "category_id": 2, "segmentation": [], "area": 100243.6347, "bbox": [0.0, 45.0, 311.19, 322.13], "iscrowd": 0, "attributes": {"occluded": false, "rotation": 0.0}}, {"id": 12, "image_id": 5, "category_id": 1, "segmentation": [], "area": 83560.7845, "bbox": [86.71, 114.05, 334.31, 249.95], "iscrowd": 0, "attributes": {"occluded": false, "rotation": 0.0}}, {"id": 13, "image_id": 5, "category_id": 1, "segmentation": [], "area": 12640.908000000003, "bbox": [183.56, 85.41, 197.36, 64.05], "iscrowd": 0, "attributes": {"occluded": false, "rotation": 0.0}}, {"id": 14, "image_id": 6, "category_id": 2, "segmentation": [], "area": 59610.1205, "bbox": [4.85, 13.74, 293.95, 202.79], "iscrowd": 0, "attributes": {"occluded": false, "rotation": 0.0}}, {"id": 15, "image_id": 7, "category_id": 2, "segmentation": [], "area": 18741.81959999999, "bbox": [51.61, 290.86, 158.52, 118.23], "iscrowd": 0, "attributes": {"occluded": false, "rotation": 0.0}}, {"id": 16, "image_id": 7, "category_id": 2, "segmentation": [], "area": 11260.233000000004, "bbox": [154.15, 304.46, 115.1, 97.83], "iscrowd": 0, "attributes": {"occluded": false, "rotation": 0.0}}, {"id": 17, "image_id": 7, "category_id": 2, "segmentation": [], "area": 7076.332800000005, "bbox": [266.64, 294.0, 66.96, 105.68], "iscrowd": 0, "attributes": {"occluded": false, "rotation": 0.0}}, {"id": 18, "image_id": 8, "category_id": 1, "segmentation": [], "area": 16309.051500000003, "bbox": [16.93, 78.12, 64.05, 254.63], "iscrowd": 0, "attributes": {"occluded": false, "rotation": 0.0}}, {"id": 19, "image_id": 8, "category_id": 1, "segmentation": [], "area": 42547.995, "bbox": [96.08, 66.14, 131.85, 322.7], "iscrowd": 0, "attributes": {"occluded": false, "rotation": 0.0}}, {"id": 20, "image_id": 8, "category_id": 1, "segmentation": [], "area": 36724.912000000004, "bbox": [184.41, 29.2, 107.84, 340.55], "iscrowd": 0, "attributes": {"occluded": false, "rotation": 0.0}}, {"id": 21, "image_id": 8, "category_id": 1, "segmentation": [], "area": 43994.46550000001, "bbox": [264.9, 36.94, 127.45, 345.19], "iscrowd": 0, "attributes": {"occluded": false, "rotation": 0.0}}, {"id": 22, "image_id": 8, "category_id": 1, "segmentation": [], "area": 21740.087200000013, "bbox": [391.83, 29.2, 65.02, 334.36], "iscrowd": 0, "attributes": {"occluded": false, "rotation": 0.0}}, {"id": 23, "image_id": 8, "category_id": 1, "segmentation": [], "area": 43709.695700000004, "bbox": [414.54, 28.69, 123.31, 354.47], "iscrowd": 0, "attributes": {"occluded": false, "rotation": 0.0}}, {"id": 24, "image_id": 8, "category_id": 1, "segmentation": [], "area": 34279.60140000002, "bbox": [532.18, 35.39, 106.81, 320.94], "iscrowd": 0, "attributes": {"occluded": false, "rotation": 0.0}}, {"id": 25, "image_id": 8, "category_id": 1, "segmentation": [], "area": 5791.543800000004, "bbox": [615.77, 74.09, 23.73, 244.06], "iscrowd": 0, "attributes": {"occluded": false, "rotation": 0.0}}, {"id": 26, "image_id": 9, "category_id": 1, "segmentation": [], "area": 13809.362, "bbox": [160.99, 86.56, 70.42, 196.1], "iscrowd": 0, "attributes": {"occluded": false, "rotation": 0.0}}, {"id": 27, "image_id": 9, "category_id": 2, "segmentation": [], "area": 74043.82950000002, "bbox": [7.44, 159.92, 332.05, 222.99], "iscrowd": 0, "attributes": {"occluded": false, "rotation": 0.0}}, {"id": 28, "image_id": 10, "category_id": 2, "segmentation": [], "area": 21338.456399999995, "bbox": [41.4, 258.81, 190.59, 111.96], "iscrowd": 0, "attributes": {"occluded": false, "rotation": 0.0}}, {"id": 29, "image_id": 10, "category_id": 2, "segmentation": [], "area": 28514.766599999995, "bbox": [359.57, 177.05, 215.58, 132.27], "iscrowd": 0, "attributes": {"occluded": false, "rotation": 0.0}}]}